{
  "member": {
    "assets": {
      "qtum": 26.498487,
      "btc": 17.48978984,
      "bch": 10.4948309,
      "ltc": 84.5988900,
      "eth": 104.4928849,
      "etc": 400.5829800,
      "wax": 20000.40,
      "usdt": 9980.99
    }
  }
}
